	{
		"name": "Global Information",
		"numberOfRequests": {
			"total": 235,
			"ok": 235,
			"ko": 0
		},
		"minResponseTime": {
			"total": 330,
			"ok": 330,
			"ko": -1
		},
		"maxResponseTime": {
			"total": 22580,
			"ok": 22580,
			"ko": -1
		},
		"meanResponseTime": {
			"total": 17501,
			"ok": 17501,
			"ko": -1
		},
		"standardDeviation": {
			"total": 6702,
			"ok": 6702,
			"ko": -1
		},
		"percentiles1": {
			"total": 22430,
			"ok": 22430,
			"ko": -1
		},
		"percentiles2": {
			"total": 22560,
			"ok": 22560,
			"ko": -1
		},
		"group1": {
			"name": "t < 800 ms",
			"count": 3,
			"percentage": 1
		},
		"group2": {
			"name": "800 ms < t < 1200 ms",
			"count": 1,
			"percentage": 0
		},
		"group3": {
			"name": "t > 1200 ms",
			"count": 231,
			"percentage": 98
		},
		"group4": {
			"name": "failed",
			"count": 0,
			"percentage": 0
		},
		"meanNumberOfRequestsPerSecond": {
			"total": 4,
			"ok": 4,
			"ko": -1
		}
	}