	{
		"name": "Global Information",
		"numberOfRequests": {
			"total": 235,
			"ok": 235,
			"ko": 0
		},
		"minResponseTime": {
			"total": 400,
			"ok": 400,
			"ko": -1
		},
		"maxResponseTime": {
			"total": 22540,
			"ok": 22540,
			"ko": -1
		},
		"meanResponseTime": {
			"total": 17485,
			"ok": 17485,
			"ko": -1
		},
		"standardDeviation": {
			"total": 6563,
			"ok": 6563,
			"ko": -1
		},
		"percentiles1": {
			"total": 22390,
			"ok": 22390,
			"ko": -1
		},
		"percentiles2": {
			"total": 22530,
			"ok": 22530,
			"ko": -1
		},
		"group1": {
			"name": "t < 800 ms",
			"count": 2,
			"percentage": 0
		},
		"group2": {
			"name": "800 ms < t < 1200 ms",
			"count": 2,
			"percentage": 0
		},
		"group3": {
			"name": "t > 1200 ms",
			"count": 231,
			"percentage": 98
		},
		"group4": {
			"name": "failed",
			"count": 0,
			"percentage": 0
		},
		"meanNumberOfRequestsPerSecond": {
			"total": 5,
			"ok": 5,
			"ko": -1
		}
	}