	{
		"name": "Global Information",
		"numberOfRequests": {
			"total": 200,
			"ok": 200,
			"ko": 0
		},
		"minResponseTime": {
			"total": 18150,
			"ok": 18150,
			"ko": -1
		},
		"maxResponseTime": {
			"total": 24280,
			"ok": 24280,
			"ko": -1
		},
		"meanResponseTime": {
			"total": 21005,
			"ok": 21005,
			"ko": -1
		},
		"standardDeviation": {
			"total": 1166,
			"ok": 1166,
			"ko": -1
		},
		"percentiles1": {
			"total": 23030,
			"ok": 23030,
			"ko": -1
		},
		"percentiles2": {
			"total": 23810,
			"ok": 23810,
			"ko": -1
		},
		"group1": {
			"name": "t < 800 ms",
			"count": 0,
			"percentage": 0
		},
		"group2": {
			"name": "800 ms < t < 1200 ms",
			"count": 0,
			"percentage": 0
		},
		"group3": {
			"name": "t > 1200 ms",
			"count": 200,
			"percentage": 100
		},
		"group4": {
			"name": "failed",
			"count": 0,
			"percentage": 0
		},
		"meanNumberOfRequestsPerSecond": {
			"total": 5,
			"ok": 5,
			"ko": -1
		}
	}